mr,ref
"name[Alimentum], area[city centre], familyFriendly[no]",Located in
"name[Alimentum], area[city centre], familyFriendly[no], near[Burger King]",Located in
"name[Alimentum], area[city centre], familyFriendly[yes]",Located in
"name[Alimentum], area[city centre], familyFriendly[yes], near[Burger King]",Located in
"name[Alimentum], area[riverside], familyFriendly[no]",Located in
"name[Alimentum], area[riverside], familyFriendly[no], near[Burger King]",Located in
"name[Alimentum], area[riverside], familyFriendly[yes]",Located in
"name[Alimentum], area[riverside], familyFriendly[yes], near[Burger King]",Located in
"name[Aromi], eatType[coffee shop], food[Chinese], customer rating[1 out of 5], area[riverside], familyFriendly[yes]",Located in
"name[Aromi], eatType[coffee shop], food[Chinese], customer rating[3 out of 5], area[riverside], familyFriendly[yes]",Located in
"name[Aromi], eatType[coffee shop], food[Chinese], customer rating[5 out of 5], area[city centre], familyFriendly[no]",Located in
"name[Aromi], eatType[coffee shop], food[Chinese], customer rating[5 out of 5], area[city centre], familyFriendly[yes]",Located in
"name[Aromi], eatType[coffee shop], food[Chinese], customer rating[5 out of 5], area[riverside], familyFriendly[no]",Located in
"name[Aromi], eatType[coffee shop], food[Chinese], customer rating[5 out of 5], area[riverside], familyFriendly[yes]",Located in
"name[Aromi], eatType[coffee shop], food[Chinese], customer rating[average], area[city centre], familyFriendly[no]",Located in
"name[Aromi], eatType[coffee shop], food[Chinese], customer rating[average], area[city centre], familyFriendly[yes]",Located in
"name[Aromi], eatType[coffee shop], food[Chinese], customer rating[average], area[riverside], familyFriendly[no]",Located in
"name[Aromi], eatType[coffee shop], food[Chinese], customer rating[average], area[riverside], familyFriendly[yes]",Located in
"name[Aromi], eatType[coffee shop], food[Chinese], customer rating[high], area[riverside], familyFriendly[yes]",Located in
"name[Aromi], eatType[coffee shop], food[Chinese], customer rating[low], area[city centre], familyFriendly[no]",Located in
"name[Aromi], eatType[coffee shop], food[Chinese], customer rating[low], area[city centre], familyFriendly[yes]",Located in
"name[Aromi], eatType[coffee shop], food[Chinese], customer rating[low], area[riverside], familyFriendly[no]",Located in
"name[Aromi], eatType[coffee shop], food[Chinese], customer rating[low], area[riverside], familyFriendly[yes]",Located in
"name[Aromi], eatType[coffee shop], food[English], customer rating[1 out of 5], area[riverside], familyFriendly[yes]",Located in
"name[Aromi], eatType[coffee shop], food[English], customer rating[3 out of 5], area[riverside], familyFriendly[yes]",Located in
"name[Aromi], eatType[coffee shop], food[English], customer rating[5 out of 5], area[city centre], familyFriendly[no]",Located in
"name[Aromi], eatType[coffee shop], food[English], customer rating[5 out of 5], area[city centre], familyFriendly[yes]",Located in
"name[Aromi], eatType[coffee shop], food[English], customer rating[5 out of 5], area[riverside], familyFriendly[no]",Located in
"name[Aromi], eatType[coffee shop], food[English], customer rating[5 out of 5], area[riverside], familyFriendly[yes]",Located in
"name[Aromi], eatType[coffee shop], food[English], customer rating[average], area[city centre], familyFriendly[no]",Located in
"name[Aromi], eatType[coffee shop], food[English], customer rating[average], area[city centre], familyFriendly[yes]",Located in
"name[Aromi], eatType[coffee shop], food[English], customer rating[average], area[riverside], familyFriendly[no]",Located in
"name[Aromi], eatType[coffee shop], food[English], customer rating[average], area[riverside], familyFriendly[yes]",Located in
"name[Aromi], eatType[coffee shop], food[English], customer rating[high], area[riverside], familyFriendly[yes]",Located in
"name[Aromi], eatType[coffee shop], food[English], customer rating[low], area[city centre], familyFriendly[no]",Located in
"name[Aromi], eatType[coffee shop], food[English], customer rating[low], area[city centre], familyFriendly[yes]",Located in
"name[Aromi], eatType[coffee shop], food[English], customer rating[low], area[riverside], familyFriendly[no]",Located in
"name[Aromi], eatType[coffee shop], food[English], customer rating[low], area[riverside], familyFriendly[yes]",Located in
"name[Bibimbap House], area[city centre], near[Café Sicilia]",Located in
"name[Bibimbap House], area[riverside], near[Café Sicilia]",Located in
"name[Browns Cambridge], eatType[coffee shop], food[Chinese], customer rating[1 out of 5], area[riverside], familyFriendly[yes], near[Crowne Plaza Hotel]",Located in
"name[Browns Cambridge], eatType[coffee shop], food[Chinese], customer rating[3 out of 5], area[riverside], familyFriendly[yes], near[Crowne Plaza Hotel]",Located in
"name[Browns Cambridge], eatType[coffee shop], food[Chinese], customer rating[5 out of 5], area[city centre], familyFriendly[no], near[Crowne Plaza Hotel]",Located in
"name[Browns Cambridge], eatType[coffee shop], food[Chinese], customer rating[5 out of 5], area[city centre], familyFriendly[yes], near[Crowne Plaza Hotel]",Located in
"name[Browns Cambridge], eatType[coffee shop], food[Chinese], customer rating[5 out of 5], area[riverside], familyFriendly[no], near[Crowne Plaza Hotel]",Located in
"name[Browns Cambridge], eatType[coffee shop], food[Chinese], customer rating[5 out of 5], area[riverside], familyFriendly[yes], near[Crowne Plaza Hotel]",Located in
"name[Browns Cambridge], eatType[coffee shop], food[Chinese], customer rating[average], area[city centre], familyFriendly[no], near[Crowne Plaza Hotel]",Located in
"name[Browns Cambridge], eatType[coffee shop], food[Chinese], customer rating[average], area[city centre], familyFriendly[yes], near[Crowne Plaza Hotel]",Located in
"name[Browns Cambridge], eatType[coffee shop], food[Chinese], customer rating[average], area[riverside], familyFriendly[no], near[Crowne Plaza Hotel]",Located in
"name[Browns Cambridge], eatType[coffee shop], food[Chinese], customer rating[average], area[riverside], familyFriendly[yes], near[Crowne Plaza Hotel]",Located in
"name[Browns Cambridge], eatType[coffee shop], food[Chinese], customer rating[high], area[riverside], familyFriendly[yes], near[Crowne Plaza Hotel]",Located in
"name[Browns Cambridge], eatType[coffee shop], food[Chinese], customer rating[low], area[city centre], familyFriendly[no], near[Crowne Plaza Hotel]",Located in
"name[Browns Cambridge], eatType[coffee shop], food[Chinese], customer rating[low], area[city centre], familyFriendly[yes], near[Crowne Plaza Hotel]",Located in
"name[Browns Cambridge], eatType[coffee shop], food[Chinese], customer rating[low], area[riverside], familyFriendly[no], near[Crowne Plaza Hotel]",Located in
"name[Browns Cambridge], eatType[coffee shop], food[Chinese], customer rating[low], area[riverside], familyFriendly[yes], near[Crowne Plaza Hotel]",Located in
"name[Browns Cambridge], eatType[coffee shop], food[English], customer rating[1 out of 5], area[riverside], familyFriendly[yes], near[Crowne Plaza Hotel]",Located in
"name[Browns Cambridge], eatType[coffee shop], food[English], customer rating[3 out of 5], area[riverside], familyFriendly[yes], near[Crowne Plaza Hotel]",Located in
"name[Browns Cambridge], eatType[coffee shop], food[English], customer rating[5 out of 5], area[city centre], familyFriendly[no], near[Crowne Plaza Hotel]",Located in
"name[Browns Cambridge], eatType[coffee shop], food[English], customer rating[5 out of 5], area[city centre], familyFriendly[yes], near[Crowne Plaza Hotel]",Located in
"name[Browns Cambridge], eatType[coffee shop], food[English], customer rating[5 out of 5], area[riverside], familyFriendly[no], near[Crowne Plaza Hotel]",Located in
"name[Browns Cambridge], eatType[coffee shop], food[English], customer rating[5 out of 5], area[riverside], familyFriendly[yes], near[Crowne Plaza Hotel]",Located in
"name[Browns Cambridge], eatType[coffee shop], food[English], customer rating[average], area[city centre], familyFriendly[no], near[Crowne Plaza Hotel]",Located in
"name[Browns Cambridge], eatType[coffee shop], food[English], customer rating[average], area[city centre], familyFriendly[yes], near[Crowne Plaza Hotel]",Located in
"name[Browns Cambridge], eatType[coffee shop], food[English], customer rating[average], area[riverside], familyFriendly[no], near[Crowne Plaza Hotel]",Located in
"name[Browns Cambridge], eatType[coffee shop], food[English], customer rating[average], area[riverside], familyFriendly[yes], near[Crowne Plaza Hotel]",Located in
"name[Browns Cambridge], eatType[coffee shop], food[English], customer rating[high], area[riverside], familyFriendly[yes], near[Crowne Plaza Hotel]",Located in
"name[Browns Cambridge], eatType[coffee shop], food[English], customer rating[low], area[city centre], familyFriendly[no], near[Crowne Plaza Hotel]",Located in
"name[Browns Cambridge], eatType[coffee shop], food[English], customer rating[low], area[city centre], familyFriendly[yes], near[Crowne Plaza Hotel]",Located in
"name[Browns Cambridge], eatType[coffee shop], food[English], customer rating[low], area[riverside], familyFriendly[no], near[Crowne Plaza Hotel]",Located in
"name[Browns Cambridge], eatType[coffee shop], food[English], customer rating[low], area[riverside], familyFriendly[yes], near[Crowne Plaza Hotel]",Located in
"name[Clowns], eatType[coffee shop], food[Chinese], customer rating[1 out of 5], area[riverside], near[Clare Hall]",Located in
"name[Clowns], eatType[coffee shop], food[Chinese], customer rating[3 out of 5], area[riverside], near[Clare Hall]",Located in
"name[Clowns], eatType[coffee shop], food[Chinese], customer rating[5 out of 5], area[city centre], near[Clare Hall]",Located in
"name[Clowns], eatType[coffee shop], food[Chinese], customer rating[5 out of 5], area[riverside], near[Clare Hall]",Located in
"name[Clowns], eatType[coffee shop], food[Chinese], customer rating[average], area[city centre], near[Clare Hall]",Located in
"name[Clowns], eatType[coffee shop], food[Chinese], customer rating[average], area[riverside], near[Clare Hall]",Located in
"name[Clowns], eatType[coffee shop], food[Chinese], customer rating[high], area[riverside], near[Clare Hall]",Located in
"name[Clowns], eatType[coffee shop], food[Chinese], customer rating[low], area[city centre], near[Clare Hall]",Located in
"name[Clowns], eatType[coffee shop], food[Chinese], customer rating[low], area[riverside], near[Clare Hall]",Located in
"name[Clowns], eatType[coffee shop], food[English], customer rating[1 out of 5], area[riverside], near[Clare Hall]",Located in
"name[Clowns], eatType[coffee shop], food[English], customer rating[3 out of 5], area[riverside], near[Clare Hall]",Located in
"name[Clowns], eatType[coffee shop], food[English], customer rating[5 out of 5], area[city centre], near[Clare Hall]",Located in
"name[Clowns], eatType[coffee shop], food[English], customer rating[5 out of 5], area[riverside], near[Clare Hall]",Located in
"name[Clowns], eatType[coffee shop], food[English], customer rating[average], area[city centre], near[Clare Hall]",Located in
"name[Clowns], eatType[coffee shop], food[English], customer rating[average], area[riverside], near[Clare Hall]",Located in
"name[Clowns], eatType[coffee shop], food[English], customer rating[high], area[riverside], near[Clare Hall]",Located in
"name[Clowns], eatType[coffee shop], food[English], customer rating[low], area[city centre], near[Clare Hall]",Located in
"name[Clowns], eatType[coffee shop], food[English], customer rating[low], area[riverside], near[Clare Hall]",Located in
"name[Cocum], eatType[coffee shop], food[Chinese], priceRange[£20-25], customer rating[high], familyFriendly[no]",Located in
"name[Cocum], eatType[coffee shop], food[Chinese], priceRange[£20-25], customer rating[high], familyFriendly[yes]",Located in
"name[Cocum], eatType[coffee shop], food[Chinese], priceRange[cheap], customer rating[5 out of 5], familyFriendly[no]",Located in
"name[Cocum], eatType[coffee shop], food[Chinese], priceRange[cheap], customer rating[5 out of 5], familyFriendly[yes]",Located in
"name[Cocum], eatType[coffee shop], food[Chinese], priceRange[cheap], customer rating[average], familyFriendly[no]",Located in
"name[Cocum], eatType[coffee shop], food[Chinese], priceRange[cheap], customer rating[average], familyFriendly[yes]",Located in
"name[Cocum], eatType[coffee shop], food[Chinese], priceRange[high], customer rating[1 out of 5], familyFriendly[no]",Located in
"name[Cocum], eatType[coffee shop], food[Chinese], priceRange[high], customer rating[1 out of 5], familyFriendly[yes]",Located in
"name[Cocum], eatType[coffee shop], food[Chinese], priceRange[high], customer rating[average], familyFriendly[no]",Located in
"name[Cocum], eatType[coffee shop], food[Chinese], priceRange[high], customer rating[average], familyFriendly[yes]",Located in
"name[Cocum], eatType[coffee shop], food[Chinese], priceRange[less than £20], customer rating[low], familyFriendly[no]",Located in
"name[Cocum], eatType[coffee shop], food[Chinese], priceRange[less than £20], customer rating[low], familyFriendly[yes]",Located in
"name[Cocum], eatType[coffee shop], food[Chinese], priceRange[moderate], customer rating[1 out of 5], familyFriendly[no]",Located in
"name[Cocum], eatType[coffee shop], food[Chinese], priceRange[moderate], customer rating[1 out of 5], familyFriendly[yes]",Located in
"name[Cocum], eatType[coffee shop], food[Chinese], priceRange[moderate], customer rating[3 out of 5], familyFriendly[no]",Located in
"name[Cocum], eatType[coffee shop], food[Chinese], priceRange[moderate], customer rating[3 out of 5], familyFriendly[yes]",Located in
"name[Cocum], eatType[coffee shop], food[Chinese], priceRange[more than £30], customer rating[high], familyFriendly[no]",Located in
"name[Cocum], eatType[coffee shop], food[Chinese], priceRange[more than £30], customer rating[high], familyFriendly[yes]",Located in
"name[Cocum], eatType[coffee shop], food[English], priceRange[£20-25], customer rating[high], familyFriendly[no]",Located in
"name[Cocum], eatType[coffee shop], food[English], priceRange[£20-25], customer rating[high], familyFriendly[yes]",Located in
"name[Cocum], eatType[coffee shop], food[English], priceRange[cheap], customer rating[5 out of 5], familyFriendly[no]",Located in
"name[Cocum], eatType[coffee shop], food[English], priceRange[cheap], customer rating[5 out of 5], familyFriendly[yes]",Located in
"name[Cocum], eatType[coffee shop], food[English], priceRange[cheap], customer rating[average], familyFriendly[no]",Located in
"name[Cocum], eatType[coffee shop], food[English], priceRange[cheap], customer rating[average], familyFriendly[yes]",Located in
"name[Cocum], eatType[coffee shop], food[English], priceRange[high], customer rating[1 out of 5], familyFriendly[no]",Located in
"name[Cocum], eatType[coffee shop], food[English], priceRange[high], customer rating[1 out of 5], familyFriendly[yes]",Located in
"name[Cocum], eatType[coffee shop], food[English], priceRange[high], customer rating[average], familyFriendly[no]",Located in
"name[Cocum], eatType[coffee shop], food[English], priceRange[high], customer rating[average], familyFriendly[yes]",Located in
"name[Cocum], eatType[coffee shop], food[English], priceRange[less than £20], customer rating[low], familyFriendly[no]",Located in
"name[Cocum], eatType[coffee shop], food[English], priceRange[less than £20], customer rating[low], familyFriendly[yes]",Located in
"name[Cocum], eatType[coffee shop], food[English], priceRange[moderate], customer rating[1 out of 5], familyFriendly[no]",Located in
"name[Cocum], eatType[coffee shop], food[English], priceRange[moderate], customer rating[1 out of 5], familyFriendly[yes]",Located in
"name[Cocum], eatType[coffee shop], food[English], priceRange[moderate], customer rating[3 out of 5], familyFriendly[no]",Located in
"name[Cocum], eatType[coffee shop], food[English], priceRange[moderate], customer rating[3 out of 5], familyFriendly[yes]",Located in
"name[Cotto], eatType[coffee shop], food[Chinese], priceRange[£20-25], customer rating[high], area[city centre], near[The Portland Arms]",Located in
"name[Cotto], eatType[coffee shop], food[Chinese], priceRange[£20-25], customer rating[high], area[riverside], near[The Portland Arms]",Located in
"name[Cotto], eatType[coffee shop], food[Chinese], priceRange[cheap], customer rating[5 out of 5], area[city centre], near[The Portland Arms]",Located in
"name[Cotto], eatType[coffee shop], food[Chinese], priceRange[cheap], customer rating[5 out of 5], area[riverside], near[The Portland Arms]",Located in
"name[Cotto], eatType[coffee shop], food[Chinese], priceRange[cheap], customer rating[average], area[city centre], near[The Portland Arms]",Located in
"name[Cotto], eatType[coffee shop], food[Chinese], priceRange[cheap], customer rating[average], area[riverside], near[The Portland Arms]",Located in
"name[Cotto], eatType[coffee shop], food[Chinese], priceRange[high], customer rating[1 out of 5], area[city centre], near[The Portland Arms]",Located in
"name[Cotto], eatType[coffee shop], food[Chinese], priceRange[high], customer rating[1 out of 5], area[riverside], near[The Portland Arms]",Located in
"name[Cotto], eatType[coffee shop], food[Chinese], priceRange[high], customer rating[average], area[city centre], near[The Portland Arms]",Located in
"name[Cotto], eatType[coffee shop], food[Chinese], priceRange[high], customer rating[average], area[riverside], near[The Portland Arms]",Located in
"name[Cotto], eatType[coffee shop], food[Chinese], priceRange[less than £20], customer rating[low], area[city centre], near[The Portland Arms]",Located in
"name[Cotto], eatType[coffee shop], food[Chinese], priceRange[less than £20], customer rating[low], area[riverside], near[The Portland Arms]",Located in
"name[Cotto], eatType[coffee shop], food[Chinese], priceRange[moderate], customer rating[1 out of 5], area[city centre], near[The Portland Arms]",Located in
"name[Cotto], eatType[coffee shop], food[Chinese], priceRange[moderate], customer rating[1 out of 5], area[riverside], near[The Portland Arms]",Located in
"name[Cotto], eatType[coffee shop], food[Chinese], priceRange[moderate], customer rating[3 out of 5], area[city centre], near[The Portland Arms]",Located in
"name[Cotto], eatType[coffee shop], food[Chinese], priceRange[moderate], customer rating[3 out of 5], area[riverside], near[The Portland Arms]",Located in
"name[Cotto], eatType[coffee shop], food[Chinese], priceRange[more than £30], customer rating[high], area[city centre], near[The Portland Arms]",Located in
"name[Cotto], eatType[coffee shop], food[Chinese], priceRange[more than £30], customer rating[high], area[riverside], near[The Portland Arms]",Located in
"name[Cotto], eatType[coffee shop], food[English], priceRange[£20-25], customer rating[high], area[city centre], near[The Portland Arms]",Located in
"name[Cotto], eatType[coffee shop], food[English], priceRange[£20-25], customer rating[high], area[riverside], near[The Portland Arms]",Located in
"name[Cotto], eatType[coffee shop], food[English], priceRange[cheap], customer rating[5 out of 5], area[city centre], near[The Portland Arms]",Located in
"name[Cotto], eatType[coffee shop], food[English], priceRange[cheap], customer rating[5 out of 5], area[riverside], near[The Portland Arms]",Located in
"name[Cotto], eatType[coffee shop], food[English], priceRange[cheap], customer rating[average], area[city centre], near[The Portland Arms]",Located in
"name[Cotto], eatType[coffee shop], food[English], priceRange[cheap], customer rating[average], area[riverside], near[The Portland Arms]",Located in
"name[Cotto], eatType[coffee shop], food[English], priceRange[high], customer rating[1 out of 5], area[city centre], near[The Portland Arms]",Located in
"name[Cotto], eatType[coffee shop], food[English], priceRange[high], customer rating[1 out of 5], area[riverside], near[The Portland Arms]",Located in
"name[Cotto], eatType[coffee shop], food[English], priceRange[high], customer rating[average], area[city centre], near[The Portland Arms]",Located in
"name[Cotto], eatType[coffee shop], food[English], priceRange[high], customer rating[average], area[riverside], near[The Portland Arms]",Located in
"name[Cotto], eatType[coffee shop], food[English], priceRange[less than £20], customer rating[low], area[city centre], near[The Portland Arms]",Located in
"name[Cotto], eatType[coffee shop], food[English], priceRange[less than £20], customer rating[low], area[riverside], near[The Portland Arms]",Located in
"name[Cotto], eatType[coffee shop], food[English], priceRange[moderate], customer rating[1 out of 5], area[city centre], near[The Portland Arms]",Located in
"name[Cotto], eatType[coffee shop], food[English], priceRange[moderate], customer rating[1 out of 5], area[riverside], near[The Portland Arms]",Located in
"name[Cotto], eatType[coffee shop], food[English], priceRange[moderate], customer rating[3 out of 5], area[city centre], near[The Portland Arms]",Located in
"name[Cotto], eatType[coffee shop], food[English], priceRange[moderate], customer rating[3 out of 5], area[riverside], near[The Portland Arms]",Located in
"name[Cotto], eatType[coffee shop], food[English], priceRange[more than £30], customer rating[high], area[city centre], near[The Portland Arms]",Located in
"name[Fitzbillies], eatType[coffee shop], food[Chinese], priceRange[£20-25], customer rating[high], area[city centre], familyFriendly[no]",Located in
"name[Fitzbillies], eatType[coffee shop], food[Chinese], priceRange[£20-25], customer rating[high], area[city centre], familyFriendly[yes]",Located in
"name[Fitzbillies], eatType[coffee shop], food[Chinese], priceRange[£20-25], customer rating[high], area[riverside], familyFriendly[no]",Located in
"name[Fitzbillies], eatType[coffee shop], food[Chinese], priceRange[£20-25], customer rating[high], area[riverside], familyFriendly[yes]",Located in
"name[Fitzbillies], eatType[coffee shop], food[Chinese], priceRange[cheap], customer rating[5 out of 5], area[city centre], familyFriendly[no]",Located in
"name[Fitzbillies], eatType[coffee shop], food[Chinese], priceRange[cheap], customer rating[5 out of 5], area[city centre], familyFriendly[yes]",Located in
"name[Fitzbillies], eatType[coffee shop], food[Chinese], priceRange[cheap], customer rating[5 out of 5], area[riverside], familyFriendly[no]",Located in
"name[Fitzbillies], eatType[coffee shop], food[Chinese], priceRange[cheap], customer rating[5 out of 5], area[riverside], familyFriendly[yes]",Located in
"name[Fitzbillies], eatType[coffee shop], food[Chinese], priceRange[cheap], customer rating[average], area[city centre], familyFriendly[no]",Located in
"name[Fitzbillies], eatType[coffee shop], food[Chinese], priceRange[cheap], customer rating[average], area[city centre], familyFriendly[yes]",Located in
"name[Fitzbillies], eatType[coffee shop], food[Chinese], priceRange[cheap], customer rating[average], area[riverside], familyFriendly[no]",Located in
"name[Fitzbillies], eatType[coffee shop], food[Chinese], priceRange[cheap], customer rating[average], area[riverside], familyFriendly[yes]",Located in
"name[Fitzbillies], eatType[coffee shop], food[Chinese], priceRange[high], customer rating[1 out of 5], area[city centre], familyFriendly[no]",Located in
"name[Fitzbillies], eatType[coffee shop], food[Chinese], priceRange[high], customer rating[1 out of 5], area[city centre], familyFriendly[yes]",Located in
"name[Fitzbillies], eatType[coffee shop], food[Chinese], priceRange[high], customer rating[1 out of 5], area[riverside], familyFriendly[no]",Located in
"name[Fitzbillies], eatType[coffee shop], food[Chinese], priceRange[high], customer rating[1 out of 5], area[riverside], familyFriendly[yes]",Located in
"name[Fitzbillies], eatType[coffee shop], food[Chinese], priceRange[high], customer rating[average], area[city centre], familyFriendly[no]",Located in
"name[Fitzbillies], eatType[coffee shop], food[Chinese], priceRange[high], customer rating[average], area[city centre], familyFriendly[yes]",Located in
"name[Fitzbillies], eatType[coffee shop], food[Chinese], priceRange[high], customer rating[average], area[riverside], familyFriendly[no]",Located in
"name[Fitzbillies], eatType[coffee shop], food[Chinese], priceRange[high], customer rating[average], area[riverside], familyFriendly[yes]",Located in
"name[Fitzbillies], eatType[coffee shop], food[Chinese], priceRange[less than £20], customer rating[low], area[city centre], familyFriendly[no]",Located in
"name[Fitzbillies], eatType[coffee shop], food[Chinese], priceRange[less than £20], customer rating[low], area[city centre], familyFriendly[yes]",Located in
"name[Fitzbillies], eatType[coffee shop], food[Chinese], priceRange[less than £20], customer rating[low], area[riverside], familyFriendly[no]",Located in
"name[Fitzbillies], eatType[coffee shop], food[Chinese], priceRange[less than £20], customer rating[low], area[riverside], familyFriendly[yes]",Located in
"name[Fitzbillies], eatType[coffee shop], food[Chinese], priceRange[moderate], customer rating[1 out of 5], area[city centre], familyFriendly[no]",Located in
"name[Fitzbillies], eatType[coffee shop], food[Chinese], priceRange[moderate], customer rating[1 out of 5], area[city centre], familyFriendly[yes]",Located in
"name[Fitzbillies], eatType[coffee shop], food[Chinese], priceRange[moderate], customer rating[1 out of 5], area[riverside], familyFriendly[no]",Located in
"name[Fitzbillies], eatType[coffee shop], food[Chinese], priceRange[moderate], customer rating[1 out of 5], area[riverside], familyFriendly[yes]",Located in
"name[Fitzbillies], eatType[coffee shop], food[Chinese], priceRange[moderate], customer rating[3 out of 5], area[city centre], familyFriendly[no]",Located in
"name[Fitzbillies], eatType[coffee shop], food[Chinese], priceRange[moderate], customer rating[3 out of 5], area[city centre], familyFriendly[yes]",Located in
"name[Fitzbillies], eatType[coffee shop], food[Chinese], priceRange[moderate], customer rating[3 out of 5], area[riverside], familyFriendly[no]",Located in
"name[Fitzbillies], eatType[coffee shop], food[Chinese], priceRange[moderate], customer rating[3 out of 5], area[riverside], familyFriendly[yes]",Located in
"name[Fitzbillies], eatType[coffee shop], food[Chinese], priceRange[more than £30], customer rating[high], area[city centre], familyFriendly[no]",Located in
"name[Fitzbillies], eatType[coffee shop], food[Chinese], priceRange[more than £30], customer rating[high], area[city centre], familyFriendly[yes]",Located in
"name[Fitzbillies], eatType[coffee shop], food[Chinese], priceRange[more than £30], customer rating[high], area[riverside], familyFriendly[no]",Located in
"name[Fitzbillies], eatType[coffee shop], food[Chinese], priceRange[more than £30], customer rating[high], area[riverside], familyFriendly[yes]",Located in
"name[Fitzbillies], eatType[coffee shop], food[English], priceRange[£20-25], customer rating[high], area[city centre], familyFriendly[no]",Located in
"name[Fitzbillies], eatType[coffee shop], food[English], priceRange[£20-25], customer rating[high], area[city centre], familyFriendly[yes]",Located in
"name[Fitzbillies], eatType[coffee shop], food[English], priceRange[£20-25], customer rating[high], area[riverside], familyFriendly[no]",Located in
"name[Fitzbillies], eatType[coffee shop], food[English], priceRange[£20-25], customer rating[high], area[riverside], familyFriendly[yes]",Located in
"name[Fitzbillies], eatType[coffee shop], food[English], priceRange[cheap], customer rating[5 out of 5], area[city centre], familyFriendly[no]",Located in
"name[Fitzbillies], eatType[coffee shop], food[English], priceRange[cheap], customer rating[5 out of 5], area[city centre], familyFriendly[yes]",Located in
"name[Fitzbillies], eatType[coffee shop], food[English], priceRange[cheap], customer rating[5 out of 5], area[riverside], familyFriendly[no]",Located in
"name[Fitzbillies], eatType[coffee shop], food[English], priceRange[cheap], customer rating[5 out of 5], area[riverside], familyFriendly[yes]",Located in
"name[Fitzbillies], eatType[coffee shop], food[English], priceRange[cheap], customer rating[average], area[city centre], familyFriendly[no]",Located in
"name[Fitzbillies], eatType[coffee shop], food[English], priceRange[cheap], customer rating[average], area[city centre], familyFriendly[yes]",Located in
"name[Fitzbillies], eatType[coffee shop], food[English], priceRange[cheap], customer rating[average], area[riverside], familyFriendly[no]",Located in
"name[Fitzbillies], eatType[coffee shop], food[English], priceRange[cheap], customer rating[average], area[riverside], familyFriendly[yes]",Located in
"name[Fitzbillies], eatType[coffee shop], food[English], priceRange[high], customer rating[1 out of 5], area[city centre], familyFriendly[no]",Located in
"name[Fitzbillies], eatType[coffee shop], food[English], priceRange[high], customer rating[1 out of 5], area[city centre], familyFriendly[yes]",Located in
"name[Fitzbillies], eatType[coffee shop], food[English], priceRange[high], customer rating[1 out of 5], area[riverside], familyFriendly[no]",Located in
"name[Fitzbillies], eatType[coffee shop], food[English], priceRange[high], customer rating[1 out of 5], area[riverside], familyFriendly[yes]",Located in
"name[Fitzbillies], eatType[coffee shop], food[English], priceRange[high], customer rating[average], area[city centre], familyFriendly[no]",Located in
"name[Fitzbillies], eatType[coffee shop], food[English], priceRange[high], customer rating[average], area[city centre], familyFriendly[yes]",Located in
"name[Fitzbillies], eatType[coffee shop], food[English], priceRange[high], customer rating[average], area[riverside], familyFriendly[no]",Located in
"name[Fitzbillies], eatType[coffee shop], food[English], priceRange[high], customer rating[average], area[riverside], familyFriendly[yes]",Located in
"name[Fitzbillies], eatType[coffee shop], food[English], priceRange[less than £20], customer rating[low], area[city centre], familyFriendly[no]",Located in
"name[Fitzbillies], eatType[coffee shop], food[English], priceRange[less than £20], customer rating[low], area[city centre], familyFriendly[yes]",Located in
"name[Fitzbillies], eatType[coffee shop], food[English], priceRange[less than £20], customer rating[low], area[riverside], familyFriendly[no]",Located in
"name[Fitzbillies], eatType[coffee shop], food[English], priceRange[less than £20], customer rating[low], area[riverside], familyFriendly[yes]",Located in
"name[Fitzbillies], eatType[coffee shop], food[English], priceRange[moderate], customer rating[1 out of 5], area[city centre], familyFriendly[no]",Located in
"name[Fitzbillies], eatType[coffee shop], food[English], priceRange[moderate], customer rating[1 out of 5], area[city centre], familyFriendly[yes]",Located in
"name[Fitzbillies], eatType[coffee shop], food[English], priceRange[moderate], customer rating[1 out of 5], area[riverside], familyFriendly[no]",Located in
"name[Fitzbillies], eatType[coffee shop], food[English], priceRange[moderate], customer rating[1 out of 5], area[riverside], familyFriendly[yes]",Located in
"name[Fitzbillies], eatType[coffee shop], food[English], priceRange[moderate], customer rating[3 out of 5], area[city centre], familyFriendly[no]",Located in
"name[Fitzbillies], eatType[coffee shop], food[English], priceRange[moderate], customer rating[3 out of 5], area[city centre], familyFriendly[yes]",Located in
"name[Fitzbillies], eatType[coffee shop], food[English], priceRange[moderate], customer rating[3 out of 5], area[riverside], familyFriendly[no]",Located in
"name[Fitzbillies], eatType[coffee shop], food[English], priceRange[moderate], customer rating[3 out of 5], area[riverside], familyFriendly[yes]",Located in
"name[Fitzbillies], eatType[coffee shop], food[English], priceRange[more than £30], customer rating[high], area[city centre], familyFriendly[no]",Located in
"name[Fitzbillies], eatType[coffee shop], food[English], priceRange[more than £30], customer rating[high], area[city centre], familyFriendly[yes]",Located in
"name[Fitzbillies], eatType[coffee shop], food[English], priceRange[more than £30], customer rating[high], area[riverside], familyFriendly[no]",Located in
"name[Midsummer House], customer rating[1 out of 5], near[The Bakers]",Located in
"name[Midsummer House], customer rating[3 out of 5], near[The Bakers]",Located in
"name[Midsummer House], customer rating[5 out of 5], near[The Bakers]",Located in
"name[Midsummer House], customer rating[average], near[The Bakers]",Located in
"name[Midsummer House], customer rating[high], near[The Bakers]",Located in
"name[Midsummer House], customer rating[low], near[The Bakers]",Located in
"name[Taste of Cambridge], eatType[coffee shop], food[Chinese], area[city centre], familyFriendly[no], near[Crowne Plaza Hotel]",Located in
"name[Taste of Cambridge], eatType[coffee shop], food[Chinese], area[city centre], familyFriendly[yes], near[Crowne Plaza Hotel]",Located in
"name[Taste of Cambridge], eatType[coffee shop], food[Chinese], area[riverside], familyFriendly[no], near[Crowne Plaza Hotel]",Located in
"name[Taste of Cambridge], eatType[coffee shop], food[Chinese], area[riverside], familyFriendly[yes], near[Crowne Plaza Hotel]",Located in
"name[Taste of Cambridge], eatType[coffee shop], food[English], area[city centre], familyFriendly[no], near[Crowne Plaza Hotel]",Located in
"name[Taste of Cambridge], eatType[coffee shop], food[English], area[city centre], familyFriendly[yes], near[Crowne Plaza Hotel]",Located in
"name[Taste of Cambridge], eatType[coffee shop], food[English], area[riverside], familyFriendly[no], near[Crowne Plaza Hotel]",Located in
"name[Taste of Cambridge], eatType[coffee shop], food[English], area[riverside], familyFriendly[yes], near[Crowne Plaza Hotel]",Located in
"name[The Cambridge Blue], eatType[coffee shop], customer rating[1 out of 5], area[riverside], familyFriendly[yes], near[Burger King]",Located in
"name[The Cambridge Blue], eatType[coffee shop], customer rating[3 out of 5], area[riverside], familyFriendly[yes], near[Burger King]",Located in
"name[The Cambridge Blue], eatType[coffee shop], customer rating[5 out of 5], area[city centre], familyFriendly[no], near[Burger King]",Located in
"name[The Cambridge Blue], eatType[coffee shop], customer rating[5 out of 5], area[city centre], familyFriendly[yes], near[Burger King]",Located in
"name[The Cambridge Blue], eatType[coffee shop], customer rating[5 out of 5], area[riverside], familyFriendly[no], near[Burger King]",Located in
"name[The Cambridge Blue], eatType[coffee shop], customer rating[5 out of 5], area[riverside], familyFriendly[yes], near[Burger King]",Located in
"name[The Cambridge Blue], eatType[coffee shop], customer rating[average], area[city centre], familyFriendly[no], near[Burger King]",Located in
"name[The Cambridge Blue], eatType[coffee shop], customer rating[average], area[city centre], familyFriendly[yes], near[Burger King]",Located in
"name[The Cambridge Blue], eatType[coffee shop], customer rating[average], area[riverside], familyFriendly[no], near[Burger King]",Located in
"name[The Cambridge Blue], eatType[coffee shop], customer rating[average], area[riverside], familyFriendly[yes], near[Burger King]",Located in
"name[The Cambridge Blue], eatType[coffee shop], customer rating[high], area[riverside], familyFriendly[yes], near[Burger King]",Located in
"name[The Cambridge Blue], eatType[coffee shop], customer rating[low], area[city centre], familyFriendly[no], near[Burger King]",Located in
"name[The Cambridge Blue], eatType[coffee shop], customer rating[low], area[city centre], familyFriendly[yes], near[Burger King]",Located in
"name[The Cambridge Blue], eatType[coffee shop], customer rating[low], area[riverside], familyFriendly[no], near[Burger King]",Located in
"name[The Cambridge Blue], eatType[coffee shop], customer rating[low], area[riverside], familyFriendly[yes], near[Burger King]",Located in
"name[The Cricketers], eatType[coffee shop], food[Chinese], customer rating[1 out of 5], familyFriendly[yes], near[The Portland Arms]",Located in
"name[The Cricketers], eatType[coffee shop], food[Chinese], customer rating[3 out of 5], familyFriendly[yes], near[The Portland Arms]",Located in
"name[The Cricketers], eatType[coffee shop], food[Chinese], customer rating[5 out of 5], familyFriendly[no], near[The Portland Arms]",Located in
"name[The Cricketers], eatType[coffee shop], food[Chinese], customer rating[5 out of 5], familyFriendly[yes], near[The Portland Arms]",Located in
"name[The Cricketers], eatType[coffee shop], food[Chinese], customer rating[average], familyFriendly[no], near[The Portland Arms]",Located in
"name[The Cricketers], eatType[coffee shop], food[Chinese], customer rating[average], familyFriendly[yes], near[The Portland Arms]",Located in
"name[The Cricketers], eatType[coffee shop], food[Chinese], customer rating[high], familyFriendly[yes], near[The Portland Arms]",Located in
"name[The Cricketers], eatType[coffee shop], food[Chinese], customer rating[low], familyFriendly[no], near[The Portland Arms]",Located in
"name[The Cricketers], eatType[coffee shop], food[Chinese], customer rating[low], familyFriendly[yes], near[The Portland Arms]",Located in
"name[The Cricketers], eatType[coffee shop], food[English], customer rating[1 out of 5], familyFriendly[yes], near[The Portland Arms]",Located in
"name[The Cricketers], eatType[coffee shop], food[English], customer rating[3 out of 5], familyFriendly[yes], near[The Portland Arms]",Located in
"name[The Cricketers], eatType[coffee shop], food[English], customer rating[5 out of 5], familyFriendly[no], near[The Portland Arms]",Located in
"name[The Cricketers], eatType[coffee shop], food[English], customer rating[5 out of 5], familyFriendly[yes], near[The Portland Arms]",Located in
"name[The Cricketers], eatType[coffee shop], food[English], customer rating[average], familyFriendly[no], near[The Portland Arms]",Located in
"name[The Cricketers], eatType[coffee shop], food[English], customer rating[average], familyFriendly[yes], near[The Portland Arms]",Located in
"name[The Cricketers], eatType[coffee shop], food[English], customer rating[high], familyFriendly[yes], near[The Portland Arms]",Located in
"name[The Cricketers], eatType[coffee shop], food[English], customer rating[low], familyFriendly[no], near[The Portland Arms]",Located in
"name[The Cricketers], eatType[coffee shop], food[English], customer rating[low], familyFriendly[yes], near[The Portland Arms]",Located in
"name[The Eagle], customer rating[1 out of 5], area[riverside], familyFriendly[yes], near[Café Brazil]",Located in
"name[The Eagle], customer rating[3 out of 5], area[riverside], familyFriendly[yes], near[Café Brazil]",Located in
"name[The Eagle], customer rating[5 out of 5], area[city centre], familyFriendly[no], near[Café Brazil]",Located in
"name[The Eagle], customer rating[5 out of 5], area[city centre], familyFriendly[yes], near[Café Brazil]",Located in
"name[The Eagle], customer rating[5 out of 5], area[riverside], familyFriendly[no], near[Café Brazil]",Located in
"name[The Eagle], customer rating[5 out of 5], area[riverside], familyFriendly[yes], near[Café Brazil]",Located in
"name[The Eagle], customer rating[average], area[city centre], familyFriendly[no], near[Café Brazil]",Located in
"name[The Eagle], customer rating[average], area[city centre], familyFriendly[yes], near[Café Brazil]",Located in
"name[The Eagle], customer rating[average], area[riverside], familyFriendly[no], near[Café Brazil]",Located in
"name[The Eagle], customer rating[average], area[riverside], familyFriendly[yes], near[Café Brazil]",Located in
"name[The Eagle], customer rating[high], area[riverside], familyFriendly[yes], near[Café Brazil]",Located in
"name[The Eagle], customer rating[low], area[city centre], familyFriendly[no], near[Café Brazil]",Located in
"name[The Eagle], customer rating[low], area[city centre], familyFriendly[yes], near[Café Brazil]",Located in
"name[The Eagle], customer rating[low], area[riverside], familyFriendly[no], near[Café Brazil]",Located in
"name[The Eagle], customer rating[low], area[riverside], familyFriendly[yes], near[Café Brazil]",Located in
"name[The Eagle], eatType[coffee shop], food[Chinese], priceRange[£20-25], customer rating[high], area[city centre], familyFriendly[no], near[Burger King]",Located in
"name[The Eagle], eatType[coffee shop], food[Chinese], priceRange[£20-25], customer rating[high], area[city centre], familyFriendly[yes], near[Burger King]",Located in
"name[The Eagle], eatType[coffee shop], food[Chinese], priceRange[£20-25], customer rating[high], area[riverside], familyFriendly[no], near[Burger King]",Located in
"name[The Eagle], eatType[coffee shop], food[Chinese], priceRange[£20-25], customer rating[high], area[riverside], familyFriendly[yes], near[Burger King]",Located in
"name[The Eagle], eatType[coffee shop], food[Chinese], priceRange[cheap], customer rating[5 out of 5], area[city centre], familyFriendly[no], near[Burger King]",Located in
"name[The Eagle], eatType[coffee shop], food[Chinese], priceRange[cheap], customer rating[5 out of 5], area[city centre], familyFriendly[yes], near[Burger King]",Located in
"name[The Eagle], eatType[coffee shop], food[Chinese], priceRange[cheap], customer rating[5 out of 5], area[riverside], familyFriendly[no], near[Burger King]",Located in
"name[The Eagle], eatType[coffee shop], food[Chinese], priceRange[cheap], customer rating[5 out of 5], area[riverside], familyFriendly[yes], near[Burger King]",Located in
"name[The Eagle], eatType[coffee shop], food[Chinese], priceRange[cheap], customer rating[average], area[city centre], familyFriendly[no], near[Burger King]",Located in
"name[The Eagle], eatType[coffee shop], food[Chinese], priceRange[cheap], customer rating[average], area[city centre], familyFriendly[yes], near[Burger King]",Located in
"name[The Eagle], eatType[coffee shop], food[Chinese], priceRange[cheap], customer rating[average], area[riverside], familyFriendly[no], near[Burger King]",Located in
"name[The Eagle], eatType[coffee shop], food[Chinese], priceRange[cheap], customer rating[average], area[riverside], familyFriendly[yes], near[Burger King]",Located in
"name[The Eagle], eatType[coffee shop], food[Chinese], priceRange[high], customer rating[1 out of 5], area[city centre], familyFriendly[no], near[Burger King]",Located in
"name[The Eagle], eatType[coffee shop], food[Chinese], priceRange[high], customer rating[1 out of 5], area[city centre], familyFriendly[yes], near[Burger King]",Located in
"name[The Eagle], eatType[coffee shop], food[Chinese], priceRange[high], customer rating[1 out of 5], area[riverside], familyFriendly[no], near[Burger King]",Located in
"name[The Eagle], eatType[coffee shop], food[Chinese], priceRange[high], customer rating[1 out of 5], area[riverside], familyFriendly[yes], near[Burger King]",Located in
"name[The Eagle], eatType[coffee shop], food[Chinese], priceRange[high], customer rating[average], area[city centre], familyFriendly[no], near[Burger King]",Located in
"name[The Eagle], eatType[coffee shop], food[Chinese], priceRange[high], customer rating[average], area[city centre], familyFriendly[yes], near[Burger King]",Located in
"name[The Eagle], eatType[coffee shop], food[Chinese], priceRange[high], customer rating[average], area[riverside], familyFriendly[no], near[Burger King]",Located in
"name[The Eagle], eatType[coffee shop], food[Chinese], priceRange[high], customer rating[average], area[riverside], familyFriendly[yes], near[Burger King]",Located in
"name[The Eagle], eatType[coffee shop], food[Chinese], priceRange[less than £20], customer rating[low], area[city centre], familyFriendly[no], near[Burger King]",Located in
"name[The Eagle], eatType[coffee shop], food[Chinese], priceRange[less than £20], customer rating[low], area[city centre], familyFriendly[yes], near[Burger King]",Located in
"name[The Eagle], eatType[coffee shop], food[Chinese], priceRange[less than £20], customer rating[low], area[riverside], familyFriendly[no], near[Burger King]",Located in
"name[The Eagle], eatType[coffee shop], food[Chinese], priceRange[less than £20], customer rating[low], area[riverside], familyFriendly[yes], near[Burger King]",Located in
"name[The Eagle], eatType[coffee shop], food[Chinese], priceRange[moderate], customer rating[1 out of 5], area[city centre], familyFriendly[no], near[Burger King]",Located in
"name[The Eagle], eatType[coffee shop], food[Chinese], priceRange[moderate], customer rating[1 out of 5], area[city centre], familyFriendly[yes], near[Burger King]",Located in
"name[The Eagle], eatType[coffee shop], food[Chinese], priceRange[moderate], customer rating[1 out of 5], area[riverside], familyFriendly[no], near[Burger King]",Located in
"name[The Eagle], eatType[coffee shop], food[Chinese], priceRange[moderate], customer rating[1 out of 5], area[riverside], familyFriendly[yes], near[Burger King]",Located in
"name[The Eagle], eatType[coffee shop], food[Chinese], priceRange[moderate], customer rating[3 out of 5], area[city centre], familyFriendly[no], near[Burger King]",Located in
"name[The Eagle], eatType[coffee shop], food[Chinese], priceRange[moderate], customer rating[3 out of 5], area[city centre], familyFriendly[yes], near[Burger King]",Located in
"name[The Eagle], eatType[coffee shop], food[Chinese], priceRange[moderate], customer rating[3 out of 5], area[riverside], familyFriendly[no], near[Burger King]",Located in
"name[The Eagle], eatType[coffee shop], food[Chinese], priceRange[moderate], customer rating[3 out of 5], area[riverside], familyFriendly[yes], near[Burger King]",Located in
"name[The Eagle], eatType[coffee shop], food[Chinese], priceRange[more than £30], customer rating[high], area[city centre], familyFriendly[no], near[Burger King]",Located in
"name[The Eagle], eatType[coffee shop], food[Chinese], priceRange[more than £30], customer rating[high], area[city centre], familyFriendly[yes], near[Burger King]",Located in
"name[The Eagle], eatType[coffee shop], food[Chinese], priceRange[more than £30], customer rating[high], area[riverside], familyFriendly[no], near[Burger King]",Located in
"name[The Eagle], eatType[coffee shop], food[Chinese], priceRange[more than £30], customer rating[high], area[riverside], familyFriendly[yes], near[Burger King]",Located in
"name[The Eagle], eatType[coffee shop], food[English], priceRange[£20-25], customer rating[high], area[city centre], familyFriendly[no], near[Burger King]",Located in
"name[The Eagle], eatType[coffee shop], food[English], priceRange[£20-25], customer rating[high], area[city centre], familyFriendly[yes], near[Burger King]",Located in
"name[The Eagle], eatType[coffee shop], food[English], priceRange[£20-25], customer rating[high], area[riverside], familyFriendly[no], near[Burger King]",Located in
"name[The Eagle], eatType[coffee shop], food[English], priceRange[£20-25], customer rating[high], area[riverside], familyFriendly[yes], near[Burger King]",Located in
"name[The Eagle], eatType[coffee shop], food[English], priceRange[cheap], customer rating[5 out of 5], area[city centre], familyFriendly[no], near[Burger King]",Located in
"name[The Eagle], eatType[coffee shop], food[English], priceRange[cheap], customer rating[5 out of 5], area[city centre], familyFriendly[yes], near[Burger King]",Located in
"name[The Eagle], eatType[coffee shop], food[English], priceRange[cheap], customer rating[5 out of 5], area[riverside], familyFriendly[no], near[Burger King]",Located in
"name[The Eagle], eatType[coffee shop], food[English], priceRange[cheap], customer rating[5 out of 5], area[riverside], familyFriendly[yes], near[Burger King]",Located in
"name[The Eagle], eatType[coffee shop], food[English], priceRange[cheap], customer rating[average], area[city centre], familyFriendly[no], near[Burger King]",Located in
"name[The Eagle], eatType[coffee shop], food[English], priceRange[cheap], customer rating[average], area[city centre], familyFriendly[yes], near[Burger King]",Located in
"name[The Eagle], eatType[coffee shop], food[English], priceRange[cheap], customer rating[average], area[riverside], familyFriendly[no], near[Burger King]",Located in
"name[The Eagle], eatType[coffee shop], food[English], priceRange[cheap], customer rating[average], area[riverside], familyFriendly[yes], near[Burger King]",Located in
"name[The Eagle], eatType[coffee shop], food[English], priceRange[high], customer rating[1 out of 5], area[city centre], familyFriendly[no], near[Burger King]",Located in
"name[The Eagle], eatType[coffee shop], food[English], priceRange[high], customer rating[1 out of 5], area[city centre], familyFriendly[yes], near[Burger King]",Located in
"name[The Eagle], eatType[coffee shop], food[English], priceRange[high], customer rating[1 out of 5], area[riverside], familyFriendly[no], near[Burger King]",Located in
"name[The Eagle], eatType[coffee shop], food[English], priceRange[high], customer rating[1 out of 5], area[riverside], familyFriendly[yes], near[Burger King]",Located in
"name[The Eagle], eatType[coffee shop], food[English], priceRange[high], customer rating[average], area[city centre], familyFriendly[no], near[Burger King]",Located in
"name[The Eagle], eatType[coffee shop], food[English], priceRange[high], customer rating[average], area[city centre], familyFriendly[yes], near[Burger King]",Located in
"name[The Eagle], eatType[coffee shop], food[English], priceRange[high], customer rating[average], area[riverside], familyFriendly[no], near[Burger King]",Located in
"name[The Eagle], eatType[coffee shop], food[English], priceRange[high], customer rating[average], area[riverside], familyFriendly[yes], near[Burger King]",Located in
"name[The Eagle], eatType[coffee shop], food[English], priceRange[less than £20], customer rating[low], area[city centre], familyFriendly[no], near[Burger King]",Located in
"name[The Eagle], eatType[coffee shop], food[English], priceRange[less than £20], customer rating[low], area[city centre], familyFriendly[yes], near[Burger King]",Located in
"name[The Eagle], eatType[coffee shop], food[English], priceRange[less than £20], customer rating[low], area[riverside], familyFriendly[no], near[Burger King]",Located in
"name[The Eagle], eatType[coffee shop], food[English], priceRange[less than £20], customer rating[low], area[riverside], familyFriendly[yes], near[Burger King]",Located in
"name[The Eagle], eatType[coffee shop], food[English], priceRange[moderate], customer rating[1 out of 5], area[city centre], familyFriendly[no], near[Burger King]",Located in
"name[The Eagle], eatType[coffee shop], food[English], priceRange[moderate], customer rating[1 out of 5], area[city centre], familyFriendly[yes], near[Burger King]",Located in
"name[The Eagle], eatType[coffee shop], food[English], priceRange[moderate], customer rating[1 out of 5], area[riverside], familyFriendly[no], near[Burger King]",Located in
"name[The Eagle], eatType[coffee shop], food[English], priceRange[moderate], customer rating[1 out of 5], area[riverside], familyFriendly[yes], near[Burger King]",Located in
"name[The Eagle], eatType[coffee shop], food[English], priceRange[moderate], customer rating[3 out of 5], area[city centre], familyFriendly[no], near[Burger King]",Located in
"name[The Eagle], eatType[coffee shop], food[English], priceRange[moderate], customer rating[3 out of 5], area[city centre], familyFriendly[yes], near[Burger King]",Located in
"name[The Eagle], eatType[coffee shop], food[English], priceRange[moderate], customer rating[3 out of 5], area[riverside], familyFriendly[no], near[Burger King]",Located in
"name[The Eagle], eatType[coffee shop], food[English], priceRange[moderate], customer rating[3 out of 5], area[riverside], familyFriendly[yes], near[Burger King]",Located in
"name[The Eagle], eatType[coffee shop], food[English], priceRange[more than £30], customer rating[high], area[city centre], familyFriendly[no], near[Burger King]",Located in
"name[The Eagle], eatType[coffee shop], food[English], priceRange[more than £30], customer rating[high], area[city centre], familyFriendly[yes], near[Burger King]",Located in
"name[The Eagle], eatType[coffee shop], food[English], priceRange[more than £30], customer rating[high], area[riverside], familyFriendly[no], near[Burger King]",Located in
"name[The Golden Palace], eatType[coffee shop], food[Chinese], priceRange[£20-25], customer rating[high], area[city centre]",Located in
"name[The Golden Palace], eatType[coffee shop], food[Chinese], priceRange[£20-25], customer rating[high], area[riverside]",Located in
"name[The Golden Palace], eatType[coffee shop], food[Chinese], priceRange[cheap], customer rating[5 out of 5], area[city centre]",Located in
"name[The Golden Palace], eatType[coffee shop], food[Chinese], priceRange[cheap], customer rating[5 out of 5], area[riverside]",Located in
"name[The Golden Palace], eatType[coffee shop], food[Chinese], priceRange[cheap], customer rating[average], area[city centre]",Located in
"name[The Golden Palace], eatType[coffee shop], food[Chinese], priceRange[cheap], customer rating[average], area[riverside]",Located in
"name[The Golden Palace], eatType[coffee shop], food[Chinese], priceRange[high], customer rating[1 out of 5], area[city centre]",Located in
"name[The Golden Palace], eatType[coffee shop], food[Chinese], priceRange[high], customer rating[1 out of 5], area[riverside]",Located in
"name[The Golden Palace], eatType[coffee shop], food[Chinese], priceRange[high], customer rating[average], area[city centre]",Located in
"name[The Golden Palace], eatType[coffee shop], food[Chinese], priceRange[high], customer rating[average], area[riverside]",Located in
"name[The Golden Palace], eatType[coffee shop], food[Chinese], priceRange[less than £20], customer rating[low], area[city centre]",Located in
"name[The Golden Palace], eatType[coffee shop], food[Chinese], priceRange[less than £20], customer rating[low], area[riverside]",Located in
"name[The Golden Palace], eatType[coffee shop], food[Chinese], priceRange[moderate], customer rating[1 out of 5], area[city centre]",Located in
"name[The Golden Palace], eatType[coffee shop], food[Chinese], priceRange[moderate], customer rating[1 out of 5], area[riverside]",Located in
"name[The Golden Palace], eatType[coffee shop], food[Chinese], priceRange[moderate], customer rating[3 out of 5], area[city centre]",Located in
"name[The Golden Palace], eatType[coffee shop], food[Chinese], priceRange[moderate], customer rating[3 out of 5], area[riverside]",Located in
"name[The Golden Palace], eatType[coffee shop], food[Chinese], priceRange[more than £30], customer rating[high], area[city centre]",Located in
"name[The Golden Palace], eatType[coffee shop], food[Chinese], priceRange[more than £30], customer rating[high], area[riverside]",Located in
"name[The Golden Palace], eatType[coffee shop], food[English], priceRange[£20-25], customer rating[high], area[city centre]",Located in
"name[The Golden Palace], eatType[coffee shop], food[English], priceRange[£20-25], customer rating[high], area[riverside]",Located in
"name[The Golden Palace], eatType[coffee shop], food[English], priceRange[cheap], customer rating[5 out of 5], area[city centre]",Located in
"name[The Golden Palace], eatType[coffee shop], food[English], priceRange[cheap], customer rating[5 out of 5], area[riverside]",Located in
"name[The Golden Palace], eatType[coffee shop], food[English], priceRange[cheap], customer rating[average], area[city centre]",Located in
"name[The Golden Palace], eatType[coffee shop], food[English], priceRange[cheap], customer rating[average], area[riverside]",Located in
"name[The Golden Palace], eatType[coffee shop], food[English], priceRange[high], customer rating[1 out of 5], area[city centre]",Located in
"name[The Golden Palace], eatType[coffee shop], food[English], priceRange[high], customer rating[1 out of 5], area[riverside]",Located in
"name[The Golden Palace], eatType[coffee shop], food[English], priceRange[high], customer rating[average], area[city centre]",Located in
"name[The Golden Palace], eatType[coffee shop], food[English], priceRange[high], customer rating[average], area[riverside]",Located in
"name[The Golden Palace], eatType[coffee shop], food[English], priceRange[less than £20], customer rating[low], area[city centre]",Located in
"name[The Golden Palace], eatType[coffee shop], food[English], priceRange[less than £20], customer rating[low], area[riverside]",Located in
"name[The Golden Palace], eatType[coffee shop], food[English], priceRange[moderate], customer rating[1 out of 5], area[city centre]",Located in
"name[The Golden Palace], eatType[coffee shop], food[English], priceRange[moderate], customer rating[1 out of 5], area[riverside]",Located in
"name[The Golden Palace], eatType[coffee shop], food[English], priceRange[moderate], customer rating[3 out of 5], area[city centre]",Located in
"name[The Golden Palace], eatType[coffee shop], food[English], priceRange[moderate], customer rating[3 out of 5], area[riverside]",Located in
"name[The Golden Palace], eatType[coffee shop], food[English], priceRange[more than £30], customer rating[high], area[city centre]",Located in
"name[The Golden Palace], eatType[coffee shop], food[English], priceRange[more than £30], customer rating[high], area[riverside]",Located in
"name[The Mill], eatType[coffee shop], food[Chinese], priceRange[£20-25], area[riverside], near[The Sorrento]",Located in
"name[The Mill], eatType[coffee shop], food[Chinese], priceRange[cheap], area[riverside], near[The Sorrento]",Located in
"name[The Mill], eatType[coffee shop], food[Chinese], priceRange[high], area[city centre], near[The Sorrento]",Located in
"name[The Mill], eatType[coffee shop], food[Chinese], priceRange[high], area[riverside], near[The Sorrento]",Located in
"name[The Mill], eatType[coffee shop], food[Chinese], priceRange[less than £20], area[city centre], near[The Sorrento]",Located in
"name[The Mill], eatType[coffee shop], food[Chinese], priceRange[less than £20], area[riverside], near[The Sorrento]",Located in
"name[The Mill], eatType[coffee shop], food[Chinese], priceRange[moderate], area[city centre], near[The Sorrento]",Located in
"name[The Mill], eatType[coffee shop], food[Chinese], priceRange[moderate], area[riverside], near[The Sorrento]",Located in
"name[The Mill], eatType[coffee shop], food[Chinese], priceRange[more than £30], area[riverside], near[The Sorrento]",Located in
"name[The Mill], eatType[coffee shop], food[English], priceRange[£20-25], area[riverside], near[The Sorrento]",Located in
"name[The Mill], eatType[coffee shop], food[English], priceRange[cheap], area[riverside], near[The Sorrento]",Located in
"name[The Mill], eatType[coffee shop], food[English], priceRange[high], area[city centre], near[The Sorrento]",Located in
"name[The Mill], eatType[coffee shop], food[English], priceRange[high], area[riverside], near[The Sorrento]",Located in
"name[The Mill], eatType[coffee shop], food[English], priceRange[less than £20], area[city centre], near[The Sorrento]",Located in
"name[The Mill], eatType[coffee shop], food[English], priceRange[less than £20], area[riverside], near[The Sorrento]",Located in
"name[The Mill], eatType[coffee shop], food[English], priceRange[moderate], area[city centre], near[The Sorrento]",Located in
"name[The Mill], eatType[coffee shop], food[English], priceRange[moderate], area[riverside], near[The Sorrento]",Located in
"name[The Mill], eatType[coffee shop], food[English], priceRange[more than £30], area[riverside], near[The Sorrento]",Located in
"name[The Phoenix], customer rating[1 out of 5], area[riverside]",Located in
"name[The Phoenix], customer rating[3 out of 5], area[riverside]",Located in
"name[The Phoenix], customer rating[5 out of 5], area[city centre]",Located in
"name[The Phoenix], customer rating[5 out of 5], area[riverside]",Located in
"name[The Phoenix], customer rating[average], area[city centre]",Located in
"name[The Phoenix], customer rating[average], area[riverside]",Located in
"name[The Phoenix], customer rating[high], area[riverside]",Located in
"name[The Phoenix], customer rating[low], area[city centre]",Located in
"name[The Phoenix], customer rating[low], area[riverside]",Located in
"name[The Punter], customer rating[1 out of 5], area[riverside], familyFriendly[yes]",Located in
"name[The Punter], customer rating[3 out of 5], area[riverside], familyFriendly[yes]",Located in
"name[The Punter], customer rating[5 out of 5], area[city centre], familyFriendly[no]",Located in
"name[The Punter], customer rating[5 out of 5], area[city centre], familyFriendly[yes]",Located in
"name[The Punter], customer rating[5 out of 5], area[riverside], familyFriendly[no]",Located in
"name[The Punter], customer rating[5 out of 5], area[riverside], familyFriendly[yes]",Located in
"name[The Punter], customer rating[average], area[city centre], familyFriendly[no]",Located in
"name[The Punter], customer rating[average], area[city centre], familyFriendly[yes]",Located in
"name[The Punter], customer rating[average], area[riverside], familyFriendly[no]",Located in
"name[The Punter], customer rating[average], area[riverside], familyFriendly[yes]",Located in
"name[The Punter], customer rating[high], area[riverside], familyFriendly[yes]",Located in
"name[The Punter], customer rating[low], area[city centre], familyFriendly[no]",Located in
"name[The Punter], customer rating[low], area[city centre], familyFriendly[yes]",Located in
"name[The Punter], customer rating[low], area[riverside], familyFriendly[no]",Located in
"name[The Punter], customer rating[low], area[riverside], familyFriendly[yes]",Located in
"name[The Punter], eatType[coffee shop], food[Chinese], priceRange[£20-25], customer rating[high], familyFriendly[no], near[Café Sicilia]",Located in
"name[The Punter], eatType[coffee shop], food[Chinese], priceRange[£20-25], customer rating[high], familyFriendly[yes], near[Café Sicilia]",Located in
"name[The Punter], eatType[coffee shop], food[Chinese], priceRange[cheap], customer rating[5 out of 5], familyFriendly[no], near[Café Sicilia]",Located in
"name[The Punter], eatType[coffee shop], food[Chinese], priceRange[cheap], customer rating[5 out of 5], familyFriendly[yes], near[Café Sicilia]",Located in
"name[The Punter], eatType[coffee shop], food[Chinese], priceRange[cheap], customer rating[average], familyFriendly[no], near[Café Sicilia]",Located in
"name[The Punter], eatType[coffee shop], food[Chinese], priceRange[cheap], customer rating[average], familyFriendly[yes], near[Café Sicilia]",Located in
"name[The Punter], eatType[coffee shop], food[Chinese], priceRange[high], customer rating[1 out of 5], familyFriendly[no], near[Café Sicilia]",Located in
"name[The Punter], eatType[coffee shop], food[Chinese], priceRange[high], customer rating[1 out of 5], familyFriendly[yes], near[Café Sicilia]",Located in
"name[The Punter], eatType[coffee shop], food[Chinese], priceRange[high], customer rating[average], familyFriendly[no], near[Café Sicilia]",Located in
"name[The Punter], eatType[coffee shop], food[Chinese], priceRange[high], customer rating[average], familyFriendly[yes], near[Café Sicilia]",Located in
"name[The Punter], eatType[coffee shop], food[Chinese], priceRange[less than £20], customer rating[low], familyFriendly[no], near[Café Sicilia]",Located in
"name[The Punter], eatType[coffee shop], food[Chinese], priceRange[less than £20], customer rating[low], familyFriendly[yes], near[Café Sicilia]",Located in
"name[The Punter], eatType[coffee shop], food[Chinese], priceRange[moderate], customer rating[1 out of 5], familyFriendly[no], near[Café Sicilia]",Located in
"name[The Punter], eatType[coffee shop], food[Chinese], priceRange[moderate], customer rating[1 out of 5], familyFriendly[yes], near[Café Sicilia]",Located in
"name[The Punter], eatType[coffee shop], food[Chinese], priceRange[moderate], customer rating[3 out of 5], familyFriendly[no], near[Café Sicilia]",Located in
"name[The Punter], eatType[coffee shop], food[Chinese], priceRange[moderate], customer rating[3 out of 5], familyFriendly[yes], near[Café Sicilia]",Located in
"name[The Punter], eatType[coffee shop], food[Chinese], priceRange[more than £30], customer rating[high], familyFriendly[no], near[Café Sicilia]",Located in
"name[The Punter], eatType[coffee shop], food[Chinese], priceRange[more than £30], customer rating[high], familyFriendly[yes], near[Café Sicilia]",Located in
"name[The Punter], eatType[coffee shop], food[English], priceRange[£20-25], customer rating[high], familyFriendly[no], near[Café Sicilia]",Located in
"name[The Punter], eatType[coffee shop], food[English], priceRange[£20-25], customer rating[high], familyFriendly[yes], near[Café Sicilia]",Located in
"name[The Punter], eatType[coffee shop], food[English], priceRange[cheap], customer rating[5 out of 5], familyFriendly[no], near[Café Sicilia]",Located in
"name[The Punter], eatType[coffee shop], food[English], priceRange[cheap], customer rating[5 out of 5], familyFriendly[yes], near[Café Sicilia]",Located in
"name[The Punter], eatType[coffee shop], food[English], priceRange[cheap], customer rating[average], familyFriendly[no], near[Café Sicilia]",Located in
"name[The Punter], eatType[coffee shop], food[English], priceRange[cheap], customer rating[average], familyFriendly[yes], near[Café Sicilia]",Located in
"name[The Punter], eatType[coffee shop], food[English], priceRange[high], customer rating[1 out of 5], familyFriendly[no], near[Café Sicilia]",Located in
"name[The Punter], eatType[coffee shop], food[English], priceRange[high], customer rating[1 out of 5], familyFriendly[yes], near[Café Sicilia]",Located in
"name[The Punter], eatType[coffee shop], food[English], priceRange[high], customer rating[average], familyFriendly[no], near[Café Sicilia]",Located in
"name[The Punter], eatType[coffee shop], food[English], priceRange[high], customer rating[average], familyFriendly[yes], near[Café Sicilia]",Located in
"name[The Punter], eatType[coffee shop], food[English], priceRange[less than £20], customer rating[low], familyFriendly[no], near[Café Sicilia]",Located in
"name[The Punter], eatType[coffee shop], food[English], priceRange[less than £20], customer rating[low], familyFriendly[yes], near[Café Sicilia]",Located in
"name[The Punter], eatType[coffee shop], food[English], priceRange[moderate], customer rating[1 out of 5], familyFriendly[no], near[Café Sicilia]",Located in
"name[The Punter], eatType[coffee shop], food[English], priceRange[moderate], customer rating[1 out of 5], familyFriendly[yes], near[Café Sicilia]",Located in
"name[The Punter], eatType[coffee shop], food[English], priceRange[moderate], customer rating[3 out of 5], familyFriendly[no], near[Café Sicilia]",Located in
"name[The Punter], eatType[coffee shop], food[English], priceRange[moderate], customer rating[3 out of 5], familyFriendly[yes], near[Café Sicilia]",Located in
"name[The Wrestlers], customer rating[1 out of 5], familyFriendly[yes]",Located in
"name[The Wrestlers], customer rating[1 out of 5], familyFriendly[yes], near[The Sorrento]",Located in
"name[The Wrestlers], customer rating[3 out of 5], familyFriendly[yes]",Located in
"name[The Wrestlers], customer rating[3 out of 5], familyFriendly[yes], near[The Sorrento]",Located in
"name[The Wrestlers], customer rating[5 out of 5], familyFriendly[no]",Located in
"name[The Wrestlers], customer rating[5 out of 5], familyFriendly[no], near[The Sorrento]",Located in
"name[The Wrestlers], customer rating[5 out of 5], familyFriendly[yes]",Located in
"name[The Wrestlers], customer rating[5 out of 5], familyFriendly[yes], near[The Sorrento]",Located in
"name[The Wrestlers], customer rating[average], familyFriendly[no]",Located in
"name[The Wrestlers], customer rating[average], familyFriendly[no], near[The Sorrento]",Located in
"name[The Wrestlers], customer rating[average], familyFriendly[yes]",Located in
"name[The Wrestlers], customer rating[average], familyFriendly[yes], near[The Sorrento]",Located in
"name[The Wrestlers], customer rating[high], familyFriendly[yes]",Located in
"name[The Wrestlers], customer rating[high], familyFriendly[yes], near[The Sorrento]",Located in
"name[The Wrestlers], customer rating[low], familyFriendly[no]",Located in
"name[The Wrestlers], customer rating[low], familyFriendly[no], near[The Sorrento]",Located in
"name[The Wrestlers], customer rating[low], familyFriendly[yes]",Located in
"name[The Wrestlers], customer rating[low], familyFriendly[yes], near[The Sorrento]",Located in
"name[The Wrestlers], eatType[coffee shop], food[Chinese], priceRange[£20-25], area[riverside], familyFriendly[yes], near[Raja Indian Cuisine]",Located in
"name[The Wrestlers], eatType[coffee shop], food[Chinese], priceRange[cheap], area[riverside], familyFriendly[yes], near[Raja Indian Cuisine]",Located in
"name[The Wrestlers], eatType[coffee shop], food[Chinese], priceRange[high], area[city centre], familyFriendly[no], near[Raja Indian Cuisine]",Located in
"name[The Wrestlers], eatType[coffee shop], food[Chinese], priceRange[high], area[city centre], familyFriendly[yes], near[Raja Indian Cuisine]",Located in
"name[The Wrestlers], eatType[coffee shop], food[Chinese], priceRange[high], area[riverside], familyFriendly[no], near[Raja Indian Cuisine]",Located in
"name[The Wrestlers], eatType[coffee shop], food[Chinese], priceRange[high], area[riverside], familyFriendly[yes], near[Raja Indian Cuisine]",Located in
"name[The Wrestlers], eatType[coffee shop], food[Chinese], priceRange[less than £20], area[city centre], familyFriendly[no], near[Raja Indian Cuisine]",Located in
"name[The Wrestlers], eatType[coffee shop], food[Chinese], priceRange[less than £20], area[city centre], familyFriendly[yes], near[Raja Indian Cuisine]",Located in
"name[The Wrestlers], eatType[coffee shop], food[Chinese], priceRange[less than £20], area[riverside], familyFriendly[no], near[Raja Indian Cuisine]",Located in
"name[The Wrestlers], eatType[coffee shop], food[Chinese], priceRange[less than £20], area[riverside], familyFriendly[yes], near[Raja Indian Cuisine]",Located in
"name[The Wrestlers], eatType[coffee shop], food[Chinese], priceRange[moderate], area[city centre], familyFriendly[no], near[Raja Indian Cuisine]",Located in
"name[The Wrestlers], eatType[coffee shop], food[Chinese], priceRange[moderate], area[city centre], familyFriendly[yes], near[Raja Indian Cuisine]",Located in
"name[The Wrestlers], eatType[coffee shop], food[Chinese], priceRange[moderate], area[riverside], familyFriendly[no], near[Raja Indian Cuisine]",Located in
"name[The Wrestlers], eatType[coffee shop], food[Chinese], priceRange[moderate], area[riverside], familyFriendly[yes], near[Raja Indian Cuisine]",Located in
"name[The Wrestlers], eatType[coffee shop], food[Chinese], priceRange[more than £30], area[riverside], familyFriendly[yes], near[Raja Indian Cuisine]",Located in
"name[The Wrestlers], eatType[coffee shop], food[English], priceRange[£20-25], area[riverside], familyFriendly[yes], near[Raja Indian Cuisine]",Located in
"name[The Wrestlers], eatType[coffee shop], food[English], priceRange[cheap], area[riverside], familyFriendly[yes], near[Raja Indian Cuisine]",Located in
"name[The Wrestlers], eatType[coffee shop], food[English], priceRange[high], area[city centre], familyFriendly[no], near[Raja Indian Cuisine]",Located in
"name[The Wrestlers], eatType[coffee shop], food[English], priceRange[high], area[city centre], familyFriendly[yes], near[Raja Indian Cuisine]",Located in
"name[The Wrestlers], eatType[coffee shop], food[English], priceRange[high], area[riverside], familyFriendly[no], near[Raja Indian Cuisine]",Located in
"name[The Wrestlers], eatType[coffee shop], food[English], priceRange[high], area[riverside], familyFriendly[yes], near[Raja Indian Cuisine]",Located in
"name[The Wrestlers], eatType[coffee shop], food[English], priceRange[less than £20], area[city centre], familyFriendly[no], near[Raja Indian Cuisine]",Located in
"name[The Wrestlers], eatType[coffee shop], food[English], priceRange[less than £20], area[city centre], familyFriendly[yes], near[Raja Indian Cuisine]",Located in
"name[The Wrestlers], eatType[coffee shop], food[English], priceRange[less than £20], area[riverside], familyFriendly[no], near[Raja Indian Cuisine]",Located in
"name[The Wrestlers], eatType[coffee shop], food[English], priceRange[less than £20], area[riverside], familyFriendly[yes], near[Raja Indian Cuisine]",Located in
"name[The Wrestlers], eatType[coffee shop], food[English], priceRange[moderate], area[city centre], familyFriendly[no], near[Raja Indian Cuisine]",Located in
"name[The Wrestlers], eatType[coffee shop], food[English], priceRange[moderate], area[city centre], familyFriendly[yes], near[Raja Indian Cuisine]",Located in
"name[The Wrestlers], eatType[coffee shop], food[English], priceRange[moderate], area[riverside], familyFriendly[no], near[Raja Indian Cuisine]",Located in
"name[The Wrestlers], eatType[coffee shop], food[English], priceRange[moderate], area[riverside], familyFriendly[yes], near[Raja Indian Cuisine]",Located in
"name[The Wrestlers], eatType[coffee shop], food[English], priceRange[more than £30], area[riverside], familyFriendly[yes], near[Raja Indian Cuisine]",Located in
"name[Travellers Rest Beefeater], customer rating[1 out of 5], area[riverside], near[Raja Indian Cuisine]",Located in
"name[Travellers Rest Beefeater], customer rating[3 out of 5], area[riverside], near[Raja Indian Cuisine]",Located in
"name[Travellers Rest Beefeater], customer rating[5 out of 5], area[city centre], near[Raja Indian Cuisine]",Located in
"name[Travellers Rest Beefeater], customer rating[5 out of 5], area[riverside], near[Raja Indian Cuisine]",Located in
"name[Travellers Rest Beefeater], customer rating[average], area[city centre], near[Raja Indian Cuisine]",Located in
"name[Travellers Rest Beefeater], customer rating[average], area[riverside], near[Raja Indian Cuisine]",Located in
"name[Travellers Rest Beefeater], customer rating[high], area[riverside], near[Raja Indian Cuisine]",Located in
"name[Travellers Rest Beefeater], customer rating[low], area[city centre], near[Raja Indian Cuisine]",Located in
"name[Travellers Rest Beefeater], customer rating[low], area[riverside], near[Raja Indian Cuisine]",Located in
"name[Wildwood], eatType[coffee shop], food[Chinese], priceRange[£20-25], customer rating[high], near[Ranch]",Located in
"name[Wildwood], eatType[coffee shop], food[Chinese], priceRange[cheap], customer rating[5 out of 5], near[Ranch]",Located in
"name[Wildwood], eatType[coffee shop], food[Chinese], priceRange[cheap], customer rating[average], near[Ranch]",Located in
"name[Wildwood], eatType[coffee shop], food[Chinese], priceRange[high], customer rating[1 out of 5], near[Ranch]",Located in
"name[Wildwood], eatType[coffee shop], food[Chinese], priceRange[high], customer rating[average], near[Ranch]",Located in
"name[Wildwood], eatType[coffee shop], food[Chinese], priceRange[less than £20], customer rating[low], near[Ranch]",Located in
"name[Wildwood], eatType[coffee shop], food[Chinese], priceRange[moderate], customer rating[1 out of 5], near[Ranch]",Located in
"name[Wildwood], eatType[coffee shop], food[Chinese], priceRange[moderate], customer rating[3 out of 5], near[Ranch]",Located in
"name[Wildwood], eatType[coffee shop], food[Chinese], priceRange[more than £30], customer rating[high], near[Ranch]",Located in
"name[Wildwood], eatType[coffee shop], food[English], priceRange[£20-25], customer rating[high], near[Ranch]",Located in
"name[Wildwood], eatType[coffee shop], food[English], priceRange[cheap], customer rating[5 out of 5], near[Ranch]",Located in
"name[Wildwood], eatType[coffee shop], food[English], priceRange[cheap], customer rating[average], near[Ranch]",Located in
"name[Wildwood], eatType[coffee shop], food[English], priceRange[high], customer rating[1 out of 5], near[Ranch]",Located in
"name[Wildwood], eatType[coffee shop], food[English], priceRange[high], customer rating[average], near[Ranch]",Located in
"name[Wildwood], eatType[coffee shop], food[English], priceRange[less than £20], customer rating[low], near[Ranch]",Located in
"name[Wildwood], eatType[coffee shop], food[English], priceRange[moderate], customer rating[1 out of 5], near[Ranch]",Located in
"name[Wildwood], eatType[coffee shop], food[English], priceRange[moderate], customer rating[3 out of 5], near[Ranch]",Located in
